model_key,layer,head,k,iou_score,program_idxs_used
0,0,1,0.730881,9
0,0,2,0.755036,9|62
0,0,3,0.734378,9|62|43
0,0,4,0.734201,9|62|43|47
0,0,5,0.740084,9|62|43|47|1
0,0,6,0.740084,9|62|43|47|1|21
0,0,7,0.740084,9|62|43|47|1|21|6
0,0,8,0.740084,9|62|43|47|1|21|6|42
0,0,9,0.740055,9|62|43|47|1|21|6|42|0
0,0,10,0.740162,9|62|43|47|1|21|6|42|0|41
0,0,11,0.74024,9|62|43|47|1|21|6|42|0|41|5
0,0,12,0.74236,9|62|43|47|1|21|6|42|0|41|5|49
0,0,13,0.742357,9|62|43|47|1|21|6|42|0|41|5|49|13
0,0,14,0.753596,9|62|43|47|1|21|6|42|0|41|5|49|13|17
0,0,15,0.789318,9|62|43|47|1|21|6|42|0|41|5|49|13|17|33
0,0,16,0.77982,9|62|43|47|1|21|6|42|0|41|5|49|13|17|33|19
0,0,17,0.779829,9|62|43|47|1|21|6|42|0|41|5|49|13|17|33|19|37
0,0,18,0.797645,9|62|43|47|1|21|6|42|0|41|5|49|13|17|33|19|37|50
0,0,19,0.800582,9|62|43|47|1|21|6|42|0|41|5|49|13|17|33|19|37|50|52
0,0,20,0.800582,9|62|43|47|1|21|6|42|0|41|5|49|13|17|33|19|37|50|52|48
0,1,1,0.707307,62
0,1,2,0.739741,62|9
0,1,3,0.718366,62|9|43
0,1,4,0.716201,62|9|43|47
0,1,5,0.724075,62|9|43|47|1
0,1,6,0.724075,62|9|43|47|1|21
0,1,7,0.724075,62|9|43|47|1|21|6
0,1,8,0.724075,62|9|43|47|1|21|6|42
0,1,9,0.724135,62|9|43|47|1|21|6|42|0
0,1,10,0.725536,62|9|43|47|1|21|6|42|0|41
0,1,11,0.725579,62|9|43|47|1|21|6|42|0|41|5
0,1,12,0.728515,62|9|43|47|1|21|6|42|0|41|5|49
0,1,13,0.728551,62|9|43|47|1|21|6|42|0|41|5|49|13
0,1,14,0.734916,62|9|43|47|1|21|6|42|0|41|5|49|13|17
0,1,15,0.772321,62|9|43|47|1|21|6|42|0|41|5|49|13|17|33
0,1,16,0.758476,62|9|43|47|1|21|6|42|0|41|5|49|13|17|33|19
0,1,17,0.761807,62|9|43|47|1|21|6|42|0|41|5|49|13|17|33|19|37
0,1,18,0.797374,62|9|43|47|1|21|6|42|0|41|5|49|13|17|33|19|37|50
0,1,19,0.797374,62|9|43|47|1|21|6|42|0|41|5|49|13|17|33|19|37|50|48
0,1,20,0.797374,62|9|43|47|1|21|6|42|0|41|5|49|13|17|33|19|37|50|48|51
0,2,1,0.736952,62
0,2,2,0.755672,62|9
0,2,3,0.732296,62|9|43
0,2,4,0.732624,62|9|43|47
0,2,5,0.736174,62|9|43|47|1
0,2,6,0.736174,62|9|43|47|1|6
0,2,7,0.736174,62|9|43|47|1|6|21
0,2,8,0.736174,62|9|43|47|1|6|21|42
0,2,9,0.736305,62|9|43|47|1|6|21|42|0
0,2,10,0.737868,62|9|43|47|1|6|21|42|0|41
0,2,11,0.738109,62|9|43|47|1|6|21|42|0|41|5
0,2,12,0.737798,62|9|43|47|1|6|21|42|0|41|5|49
0,2,13,0.738626,62|9|43|47|1|6|21|42|0|41|5|49|13
0,2,14,0.75922,62|9|43|47|1|6|21|42|0|41|5|49|13|17
0,2,15,0.780281,62|9|43|47|1|6|21|42|0|41|5|49|13|17|33
0,2,16,0.774887,62|9|43|47|1|6|21|42|0|41|5|49|13|17|33|19
0,2,17,0.774769,62|9|43|47|1|6|21|42|0|41|5|49|13|17|33|19|52
0,2,18,0.774929,62|9|43|47|1|6|21|42|0|41|5|49|13|17|33|19|52|55
0,2,19,0.774929,62|9|43|47|1|6|21|42|0|41|5|49|13|17|33|19|52|55|23
0,2,20,0.774929,62|9|43|47|1|6|21|42|0|41|5|49|13|17|33|19|52|55|23|27
0,3,1,0.740733,62
0,3,2,0.76715,62|9
0,3,3,0.744351,62|9|43
0,3,4,0.743812,62|9|43|47
0,3,5,0.749098,62|9|43|47|1
0,3,6,0.749098,62|9|43|47|1|21
0,3,7,0.749098,62|9|43|47|1|21|6
0,3,8,0.749098,62|9|43|47|1|21|6|42
0,3,9,0.749108,62|9|43|47|1|21|6|42|0
0,3,10,0.749911,62|9|43|47|1|21|6|42|0|41
0,3,11,0.749978,62|9|43|47|1|21|6|42|0|41|5
0,3,12,0.752319,62|9|43|47|1|21|6|42|0|41|5|49
0,3,13,0.752509,62|9|43|47|1|21|6|42|0|41|5|49|13
0,3,14,0.761206,62|9|43|47|1|21|6|42|0|41|5|49|13|17
0,3,15,0.791166,62|9|43|47|1|21|6|42|0|41|5|49|13|17|33
0,3,16,0.780589,62|9|43|47|1|21|6|42|0|41|5|49|13|17|33|19
0,3,17,0.781893,62|9|43|47|1|21|6|42|0|41|5|49|13|17|33|19|52
0,3,18,0.786653,62|9|43|47|1|21|6|42|0|41|5|49|13|17|33|19|52|37
0,3,19,0.811412,62|9|43|47|1|21|6|42|0|41|5|49|13|17|33|19|52|37|50
0,3,20,0.811386,62|9|43|47|1|21|6|42|0|41|5|49|13|17|33|19|52|37|50|8
0,4,1,0.751844,62
0,4,2,0.778347,62|9
0,4,3,0.750095,62|9|43
0,4,4,0.74983,62|9|43|47
0,4,5,0.754835,62|9|43|47|1
0,4,6,0.754835,62|9|43|47|1|21
0,4,7,0.754835,62|9|43|47|1|21|6
0,4,8,0.754835,62|9|43|47|1|21|6|42
0,4,9,0.75492,62|9|43|47|1|21|6|42|0
0,4,10,0.756081,62|9|43|47|1|21|6|42|0|41
0,4,11,0.756177,62|9|43|47|1|21|6|42|0|41|5
0,4,12,0.756934,62|9|43|47|1|21|6|42|0|41|5|49
0,4,13,0.75711,62|9|43|47|1|21|6|42|0|41|5|49|13
0,4,14,0.764893,62|9|43|47|1|21|6|42|0|41|5|49|13|17
0,4,15,0.796513,62|9|43|47|1|21|6|42|0|41|5|49|13|17|33
0,4,16,0.785577,62|9|43|47|1|21|6|42|0|41|5|49|13|17|33|19
0,4,17,0.785471,62|9|43|47|1|21|6|42|0|41|5|49|13|17|33|19|52
0,4,18,0.789692,62|9|43|47|1|21|6|42|0|41|5|49|13|17|33|19|52|37
0,4,19,0.819134,62|9|43|47|1|21|6|42|0|41|5|49|13|17|33|19|52|37|50
0,4,20,0.818632,62|9|43|47|1|21|6|42|0|41|5|49|13|17|33|19|52|37|50|8
0,5,1,0.751656,62
0,5,2,0.776296,62|9
0,5,3,0.750924,62|9|43
0,5,4,0.750597,62|9|43|47
0,5,5,0.755566,62|9|43|47|1
0,5,6,0.755566,62|9|43|47|1|21
0,5,7,0.755566,62|9|43|47|1|21|6
0,5,8,0.755566,62|9|43|47|1|21|6|42
0,5,9,0.755563,62|9|43|47|1|21|6|42|0
0,5,10,0.75685,62|9|43|47|1|21|6|42|0|41
0,5,11,0.756921,62|9|43|47|1|21|6|42|0|41|5
0,5,12,0.758416,62|9|43|47|1|21|6|42|0|41|5|49
0,5,13,0.758474,62|9|43|47|1|21|6|42|0|41|5|49|13
0,5,14,0.765835,62|9|43|47|1|21|6|42|0|41|5|49|13|17
0,5,15,0.796765,62|9|43|47|1|21|6|42|0|41|5|49|13|17|33
0,5,16,0.785999,62|9|43|47|1|21|6|42|0|41|5|49|13|17|33|19
0,5,17,0.785342,62|9|43|47|1|21|6|42|0|41|5|49|13|17|33|19|52
0,5,18,0.790809,62|9|43|47|1|21|6|42|0|41|5|49|13|17|33|19|52|37
0,5,19,0.818813,62|9|43|47|1|21|6|42|0|41|5|49|13|17|33|19|52|37|50
0,5,20,0.818964,62|9|43|47|1|21|6|42|0|41|5|49|13|17|33|19|52|37|50|44
0,6,1,0.72264,62
0,6,2,0.749485,62|9
0,6,3,0.727713,62|9|43
0,6,4,0.727071,62|9|43|47
0,6,5,0.732536,62|9|43|47|1
0,6,6,0.732536,62|9|43|47|1|21
0,6,7,0.732536,62|9|43|47|1|21|6
0,6,8,0.732536,62|9|43|47|1|21|6|42
0,6,9,0.732549,62|9|43|47|1|21|6|42|0
0,6,10,0.733753,62|9|43|47|1|21|6|42|0|41
0,6,11,0.733867,62|9|43|47|1|21|6|42|0|41|5
0,6,12,0.736798,62|9|43|47|1|21|6|42|0|41|5|49
0,6,13,0.73686,62|9|43|47|1|21|6|42|0|41|5|49|13
0,6,14,0.747426,62|9|43|47|1|21|6|42|0|41|5|49|13|17
0,6,15,0.779191,62|9|43|47|1|21|6|42|0|41|5|49|13|17|33
0,6,16,0.768457,62|9|43|47|1|21|6|42|0|41|5|49|13|17|33|19
0,6,17,0.771354,62|9|43|47|1|21|6|42|0|41|5|49|13|17|33|19|37
0,6,18,0.797033,62|9|43|47|1|21|6|42|0|41|5|49|13|17|33|19|37|50
0,6,19,0.798356,62|9|43|47|1|21|6|42|0|41|5|49|13|17|33|19|37|50|8
0,6,20,0.798194,62|9|43|47|1|21|6|42|0|41|5|49|13|17|33|19|37|50|8|44
0,7,1,0.740896,62
0,7,2,0.770065,62|9
0,7,3,0.744515,62|9|43
0,7,4,0.743449,62|9|43|47
0,7,5,0.749897,62|9|43|47|1
0,7,6,0.749897,62|9|43|47|1|21
0,7,7,0.749897,62|9|43|47|1|21|6
0,7,8,0.749897,62|9|43|47|1|21|6|42
0,7,9,0.750019,62|9|43|47|1|21|6|42|0
0,7,10,0.751084,62|9|43|47|1|21|6|42|0|41
0,7,11,0.751221,62|9|43|47|1|21|6|42|0|41|5
0,7,12,0.753183,62|9|43|47|1|21|6|42|0|41|5|49
0,7,13,0.753703,62|9|43|47|1|21|6|42|0|41|5|49|13
0,7,14,0.757844,62|9|43|47|1|21|6|42|0|41|5|49|13|17
0,7,15,0.789583,62|9|43|47|1|21|6|42|0|41|5|49|13|17|33
0,7,16,0.778114,62|9|43|47|1|21|6|42|0|41|5|49|13|17|33|19
0,7,17,0.782574,62|9|43|47|1|21|6|42|0|41|5|49|13|17|33|19|37
0,7,18,0.814085,62|9|43|47|1|21|6|42|0|41|5|49|13|17|33|19|37|50
0,7,19,0.814277,62|9|43|47|1|21|6|42|0|41|5|49|13|17|33|19|37|50|52
0,7,20,0.813934,62|9|43|47|1|21|6|42|0|41|5|49|13|17|33|19|37|50|52|8
0,8,1,0.700335,62
0,8,2,0.714479,62|9
0,8,3,0.705228,62|9|43
0,8,4,0.705931,62|9|43|47
0,8,5,0.70983,62|9|43|47|1
0,8,6,0.70983,62|9|43|47|1|21
0,8,7,0.70983,62|9|43|47|1|21|6
0,8,8,0.70983,62|9|43|47|1|21|6|42
0,8,9,0.709831,62|9|43|47|1|21|6|42|0
0,8,10,0.710363,62|9|43|47|1|21|6|42|0|41
0,8,11,0.710483,62|9|43|47|1|21|6|42|0|41|5
0,8,12,0.709991,62|9|43|47|1|21|6|42|0|41|5|49
0,8,13,0.709856,62|9|43|47|1|21|6|42|0|41|5|49|13
0,8,14,0.734979,62|9|43|47|1|21|6|42|0|41|5|49|13|17
0,8,15,0.764246,62|9|43|47|1|21|6|42|0|41|5|49|13|17|33
0,8,16,0.760738,62|9|43|47|1|21|6|42|0|41|5|49|13|17|33|19
0,8,17,0.761024,62|9|43|47|1|21|6|42|0|41|5|49|13|17|33|19|52
0,8,18,0.761873,62|9|43|47|1|21|6|42|0|41|5|49|13|17|33|19|52|37
0,8,19,0.779825,62|9|43|47|1|21|6|42|0|41|5|49|13|17|33|19|52|37|50
0,8,20,0.77996,62|9|43|47|1|21|6|42|0|41|5|49|13|17|33|19|52|37|50|44
0,9,1,0.740907,62
0,9,2,0.75641,62|9
0,9,3,0.739673,62|9|43
0,9,4,0.740564,62|9|43|47
0,9,5,0.7445,62|9|43|47|1
0,9,6,0.7445,62|9|43|47|1|21
0,9,7,0.7445,62|9|43|47|1|21|6
0,9,8,0.7445,62|9|43|47|1|21|6|42
0,9,9,0.744473,62|9|43|47|1|21|6|42|0
0,9,10,0.74492,62|9|43|47|1|21|6|42|0|41
0,9,11,0.745079,62|9|43|47|1|21|6|42|0|41|5
0,9,12,0.744865,62|9|43|47|1|21|6|42|0|41|5|49
0,9,13,0.74481,62|9|43|47|1|21|6|42|0|41|5|49|13
0,9,14,0.761725,62|9|43|47|1|21|6|42|0|41|5|49|13|17
0,9,15,0.781747,62|9|43|47|1|21|6|42|0|41|5|49|13|17|33
0,9,16,0.776153,62|9|43|47|1|21|6|42|0|41|5|49|13|17|33|19
0,9,17,0.775269,62|9|43|47|1|21|6|42|0|41|5|49|13|17|33|19|52
0,9,18,0.774437,62|9|43|47|1|21|6|42|0|41|5|49|13|17|33|19|52|44
0,9,19,0.77478,62|9|43|47|1|21|6|42|0|41|5|49|13|17|33|19|52|44|55
0,9,20,0.77478,62|9|43|47|1|21|6|42|0|41|5|49|13|17|33|19|52|44|55|23
0,10,1,0.678591,62
0,10,2,0.691718,62|9
0,10,3,0.67917,62|9|43
0,10,4,0.679893,62|9|43|47
0,10,5,0.684154,62|9|43|47|1
0,10,6,0.684154,62|9|43|47|1|21
0,10,7,0.684154,62|9|43|47|1|21|6
0,10,8,0.684154,62|9|43|47|1|21|6|42
0,10,9,0.684146,62|9|43|47|1|21|6|42|0
0,10,10,0.684189,62|9|43|47|1|21|6|42|0|41
0,10,11,0.684255,62|9|43|47|1|21|6|42|0|41|5
0,10,12,0.683833,62|9|43|47|1|21|6|42|0|41|5|49
0,10,13,0.683867,62|9|43|47|1|21|6|42|0|41|5|49|13
0,10,14,0.706062,62|9|43|47|1|21|6|42|0|41|5|49|13|17
0,10,15,0.728163,62|9|43|47|1|21|6|42|0|41|5|49|13|17|33
0,10,16,0.726027,62|9|43|47|1|21|6|42|0|41|5|49|13|17|33|19
0,10,17,0.725134,62|9|43|47|1|21|6|42|0|41|5|49|13|17|33|19|52
0,10,18,0.731181,62|9|43|47|1|21|6|42|0|41|5|49|13|17|33|19|52|37
0,10,19,0.751298,62|9|43|47|1|21|6|42|0|41|5|49|13|17|33|19|52|37|50
0,10,20,0.751069,62|9|43|47|1|21|6|42|0|41|5|49|13|17|33|19|52|37|50|44
0,11,1,0.675975,9
0,11,2,0.693022,9|62
0,11,3,0.679479,9|62|43
0,11,4,0.679956,9|62|43|47
0,11,5,0.684547,9|62|43|47|1
0,11,6,0.684547,9|62|43|47|1|21
0,11,7,0.684547,9|62|43|47|1|21|6
0,11,8,0.684547,9|62|43|47|1|21|6|42
0,11,9,0.684516,9|62|43|47|1|21|6|42|0
0,11,10,0.684381,9|62|43|47|1|21|6|42|0|41
0,11,11,0.684576,9|62|43|47|1|21|6|42|0|41|5
0,11,12,0.684251,9|62|43|47|1|21|6|42|0|41|5|49
0,11,13,0.683973,9|62|43|47|1|21|6|42|0|41|5|49|13
0,11,14,0.709687,9|62|43|47|1|21|6|42|0|41|5|49|13|17
0,11,15,0.751699,9|62|43|47|1|21|6|42|0|41|5|49|13|17|33
0,11,16,0.754432,9|62|43|47|1|21|6|42|0|41|5|49|13|17|33|37
0,11,17,0.750075,9|62|43|47|1|21|6|42|0|41|5|49|13|17|33|37|19
0,11,18,0.768083,9|62|43|47|1|21|6|42|0|41|5|49|13|17|33|37|19|50
0,11,19,0.768437,9|62|43|47|1|21|6|42|0|41|5|49|13|17|33|37|19|50|52
0,11,20,0.768437,9|62|43|47|1|21|6|42|0|41|5|49|13|17|33|37|19|50|52|48
0,12,1,0.696668,62
0,12,2,0.711306,62|9
0,12,3,0.69664,62|9|43
0,12,4,0.697546,62|9|43|47
0,12,5,0.70105,62|9|43|47|1
0,12,6,0.70105,62|9|43|47|1|21
0,12,7,0.70105,62|9|43|47|1|21|6
0,12,8,0.70105,62|9|43|47|1|21|6|42
0,12,9,0.701127,62|9|43|47|1|21|6|42|0
0,12,10,0.701564,62|9|43|47|1|21|6|42|0|41
0,12,11,0.701747,62|9|43|47|1|21|6|42|0|41|5
0,12,12,0.701617,62|9|43|47|1|21|6|42|0|41|5|49
0,12,13,0.701622,62|9|43|47|1|21|6|42|0|41|5|49|13
0,12,14,0.721692,62|9|43|47|1|21|6|42|0|41|5|49|13|17
0,12,15,0.74211,62|9|43|47|1|21|6|42|0|41|5|49|13|17|33
0,12,16,0.73905,62|9|43|47|1|21|6|42|0|41|5|49|13|17|33|19
0,12,17,0.738454,62|9|43|47|1|21|6|42|0|41|5|49|13|17|33|19|52
0,12,18,0.738512,62|9|43|47|1|21|6|42|0|41|5|49|13|17|33|19|52|55
0,12,19,0.737853,62|9|43|47|1|21|6|42|0|41|5|49|13|17|33|19|52|55|44
0,12,20,0.737853,62|9|43|47|1|21|6|42|0|41|5|49|13|17|33|19|52|55|44|30
0,13,1,0.680085,62
0,13,2,0.693872,62|9
0,13,3,0.681641,62|9|43
0,13,4,0.682114,62|9|43|47
0,13,5,0.686477,62|9|43|47|1
0,13,6,0.686477,62|9|43|47|1|21
0,13,7,0.686477,62|9|43|47|1|21|6
0,13,8,0.686477,62|9|43|47|1|21|6|42
0,13,9,0.686436,62|9|43|47|1|21|6|42|0
0,13,10,0.686756,62|9|43|47|1|21|6|42|0|41
0,13,11,0.686873,62|9|43|47|1|21|6|42|0|41|5
0,13,12,0.686831,62|9|43|47|1|21|6|42|0|41|5|49
0,13,13,0.686814,62|9|43|47|1|21|6|42|0|41|5|49|13
0,13,14,0.706569,62|9|43|47|1|21|6|42|0|41|5|49|13|17
0,13,15,0.723671,62|9|43|47|1|21|6|42|0|41|5|49|13|17|33
0,13,16,0.721568,62|9|43|47|1|21|6|42|0|41|5|49|13|17|33|19
0,13,17,0.721117,62|9|43|47|1|21|6|42|0|41|5|49|13|17|33|19|52
0,13,18,0.721947,62|9|43|47|1|21|6|42|0|41|5|49|13|17|33|19|52|44
0,13,19,0.722243,62|9|43|47|1|21|6|42|0|41|5|49|13|17|33|19|52|44|55
0,13,20,0.722243,62|9|43|47|1|21|6|42|0|41|5|49|13|17|33|19|52|44|55|23
0,14,1,0.705716,62
0,14,2,0.72387,62|9
0,14,3,0.704231,62|9|43
0,14,4,0.705363,62|9|43|47
0,14,5,0.709287,62|9|43|47|1
0,14,6,0.709287,62|9|43|47|1|21
0,14,7,0.709287,62|9|43|47|1|21|6
0,14,8,0.709287,62|9|43|47|1|21|6|42
0,14,9,0.709412,62|9|43|47|1|21|6|42|0
0,14,10,0.710631,62|9|43|47|1|21|6|42|0|41
0,14,11,0.71083,62|9|43|47|1|21|6|42|0|41|5
0,14,12,0.710734,62|9|43|47|1|21|6|42|0|41|5|49
0,14,13,0.710965,62|9|43|47|1|21|6|42|0|41|5|49|13
0,14,14,0.731178,62|9|43|47|1|21|6|42|0|41|5|49|13|17
0,14,15,0.7538,62|9|43|47|1|21|6|42|0|41|5|49|13|17|33
0,14,16,0.749086,62|9|43|47|1|21|6|42|0|41|5|49|13|17|33|19
0,14,17,0.748631,62|9|43|47|1|21|6|42|0|41|5|49|13|17|33|19|52
0,14,18,0.748812,62|9|43|47|1|21|6|42|0|41|5|49|13|17|33|19|52|55
0,14,19,0.748812,62|9|43|47|1|21|6|42|0|41|5|49|13|17|33|19|52|55|23
0,14,20,0.748812,62|9|43|47|1|21|6|42|0|41|5|49|13|17|33|19|52|55|23|27
0,15,1,0.757892,62
0,15,2,0.776816,62|9
0,15,3,0.754201,62|9|43
0,15,4,0.754443,62|9|43|47
0,15,5,0.75809,62|9|43|47|1
0,15,6,0.75809,62|9|43|47|1|21
0,15,7,0.75809,62|9|43|47|1|21|6
0,15,8,0.75809,62|9|43|47|1|21|6|42
0,15,9,0.758075,62|9|43|47|1|21|6|42|0
0,15,10,0.758055,62|9|43|47|1|21|6|42|0|41
0,15,11,0.758244,62|9|43|47|1|21|6|42|0|41|5
0,15,12,0.758271,62|9|43|47|1|21|6|42|0|41|5|49
0,15,13,0.758246,62|9|43|47|1|21|6|42|0|41|5|49|13
0,15,14,0.774247,62|9|43|47|1|21|6|42|0|41|5|49|13|17
0,15,15,0.800424,62|9|43|47|1|21|6|42|0|41|5|49|13|17|33
0,15,16,0.791777,62|9|43|47|1|21|6|42|0|41|5|49|13|17|33|19
0,15,17,0.790795,62|9|43|47|1|21|6|42|0|41|5|49|13|17|33|19|52
0,15,18,0.790881,62|9|43|47|1|21|6|42|0|41|5|49|13|17|33|19|52|55
0,15,19,0.790881,62|9|43|47|1|21|6|42|0|41|5|49|13|17|33|19|52|55|23
0,15,20,0.807277,62|9|43|47|1|21|6|42|0|41|5|49|13|17|33|19|52|55|23|59
0,16,1,0.477446,9
0,16,2,0.479664,9|62
0,16,3,0.474883,9|62|43
0,16,4,0.475164,9|62|43|47
0,16,5,0.481631,9|62|43|47|21
0,16,6,0.481631,9|62|43|47|21|1
0,16,7,0.481631,9|62|43|47|21|1|6
0,16,8,0.48631,9|62|43|47|21|1|6|41
0,16,9,0.486791,9|62|43|47|21|1|6|41|0
0,16,10,0.486791,9|62|43|47|21|1|6|41|0|42
0,16,11,0.487015,9|62|43|47|21|1|6|41|0|42|5
0,16,12,0.491003,9|62|43|47|21|1|6|41|0|42|5|49
0,16,13,0.491821,9|62|43|47|21|1|6|41|0|42|5|49|13
0,16,14,0.545447,9|62|43|47|21|1|6|41|0|42|5|49|13|37
0,16,15,0.567594,9|62|43|47|21|1|6|41|0|42|5|49|13|37|50
0,16,16,0.563854,9|62|43|47|21|1|6|41|0|42|5|49|13|37|50|19
0,16,17,0.566296,9|62|43|47|21|1|6|41|0|42|5|49|13|37|50|19|17
0,16,18,0.566339,9|62|43|47|21|1|6|41|0|42|5|49|13|37|50|19|17|8
0,16,19,0.570305,9|62|43|47|21|1|6|41|0|42|5|49|13|37|50|19|17|8|51
0,16,20,0.570305,9|62|43|47|21|1|6|41|0|42|5|49|13|37|50|19|17|8|51|48
0,17,1,0.469945,9
0,17,2,0.471078,9|62
0,17,3,0.465618,9|62|43
0,17,4,0.465535,9|62|43|47
0,17,5,0.472246,9|62|43|47|21
0,17,6,0.472246,9|62|43|47|21|1
0,17,7,0.472246,9|62|43|47|21|1|6
0,17,8,0.472595,9|62|43|47|21|1|6|0
0,17,9,0.472595,9|62|43|47|21|1|6|0|42
0,17,10,0.473125,9|62|43|47|21|1|6|0|42|41
0,17,11,0.473863,9|62|43|47|21|1|6|0|42|41|5
0,17,12,0.480936,9|62|43|47|21|1|6|0|42|41|5|49
0,17,13,0.482099,9|62|43|47|21|1|6|0|42|41|5|49|13
0,17,14,0.474828,9|62|43|47|21|1|6|0|42|41|5|49|13|19
0,17,15,0.523152,9|62|43|47|21|1|6|0|42|41|5|49|13|19|8
0,17,16,0.527303,9|62|43|47|21|1|6|0|42|41|5|49|13|19|8|37
0,17,17,0.556488,9|62|43|47|21|1|6|0|42|41|5|49|13|19|8|37|50
0,17,18,0.558301,9|62|43|47|21|1|6|0|42|41|5|49|13|19|8|37|50|51
0,17,19,0.558301,9|62|43|47|21|1|6|0|42|41|5|49|13|19|8|37|50|51|48
0,17,20,0.558271,9|62|43|47|21|1|6|0|42|41|5|49|13|19|8|37|50|51|48|65
0,18,1,0.538706,9
0,18,2,0.542911,9|62
0,18,3,0.533736,9|62|43
0,18,4,0.53295,9|62|43|47
0,18,5,0.540324,9|62|43|47|21
0,18,6,0.540324,9|62|43|47|21|1
0,18,7,0.540324,9|62|43|47|21|1|6
0,18,8,0.540409,9|62|43|47|21|1|6|0
0,18,9,0.540409,9|62|43|47|21|1|6|0|42
0,18,10,0.541893,9|62|43|47|21|1|6|0|42|41
0,18,11,0.542196,9|62|43|47|21|1|6|0|42|41|5
0,18,12,0.549633,9|62|43|47|21|1|6|0|42|41|5|49
0,18,13,0.550135,9|62|43|47|21|1|6|0|42|41|5|49|13
0,18,14,0.578917,9|62|43|47|21|1|6|0|42|41|5|49|13|17
0,18,15,0.620193,9|62|43|47|21|1|6|0|42|41|5|49|13|17|37
0,18,16,0.639483,9|62|43|47|21|1|6|0|42|41|5|49|13|17|37|50
0,18,17,0.654416,9|62|43|47|21|1|6|0|42|41|5|49|13|17|37|50|48
0,18,18,0.654416,9|62|43|47|21|1|6|0|42|41|5|49|13|17|37|50|48|51
0,18,19,0.654397,9|62|43|47|21|1|6|0|42|41|5|49|13|17|37|50|48|51|8
0,18,20,0.646291,9|62|43|47|21|1|6|0|42|41|5|49|13|17|37|50|48|51|8|19
0,19,1,0.535023,62
0,19,2,0.538012,62|9
0,19,3,0.527104,62|9|43
0,19,4,0.526854,62|9|43|1
0,19,5,0.526854,62|9|43|1|6
0,19,6,0.526854,62|9|43|1|6|21
0,19,7,0.527466,62|9|43|1|6|21|47
0,19,8,0.527525,62|9|43|1|6|21|47|0
0,19,9,0.527525,62|9|43|1|6|21|47|0|42
0,19,10,0.52767,62|9|43|1|6|21|47|0|42|5
0,19,11,0.528474,62|9|43|1|6|21|47|0|42|5|41
0,19,12,0.527772,62|9|43|1|6|21|47|0|42|5|41|49
0,19,13,0.540058,62|9|43|1|6|21|47|0|42|5|41|49|33
0,19,14,0.564325,62|9|43|1|6|21|47|0|42|5|41|49|33|17
0,19,15,0.564227,62|9|43|1|6|21|47|0|42|5|41|49|33|17|13
0,19,16,0.564438,62|9|43|1|6|21|47|0|42|5|41|49|33|17|13|52
0,19,17,0.564695,62|9|43|1|6|21|47|0|42|5|41|49|33|17|13|52|55
0,19,18,0.564695,62|9|43|1|6|21|47|0|42|5|41|49|33|17|13|52|55|23
0,19,19,0.564695,62|9|43|1|6|21|47|0|42|5|41|49|33|17|13|52|55|23|27
0,19,20,0.564695,62|9|43|1|6|21|47|0|42|5|41|49|33|17|13|52|55|23|27|64
0,20,1,0.313312,9
0,20,2,0.314738,9|62
0,20,3,0.358746,9|62|44
0,20,4,0.353794,9|62|44|43
0,20,5,0.3578,9|62|44|43|47
0,20,6,0.365889,9|62|44|43|47|21
0,20,7,0.365889,9|62|44|43|47|21|1
0,20,8,0.365889,9|62|44|43|47|21|1|6
0,20,9,0.36597,9|62|44|43|47|21|1|6|0
0,20,10,0.366711,9|62|44|43|47|21|1|6|0|5
0,20,11,0.366711,9|62|44|43|47|21|1|6|0|5|42
0,20,12,0.367366,9|62|44|43|47|21|1|6|0|5|42|41
0,20,13,0.368132,9|62|44|43|47|21|1|6|0|5|42|41|49
0,20,14,0.427814,9|62|44|43|47|21|1|6|0|5|42|41|49|8
0,20,15,0.456762,9|62|44|43|47|21|1|6|0|5|42|41|49|8|37
0,20,16,0.480203,9|62|44|43|47|21|1|6|0|5|42|41|49|8|37|50
0,20,17,0.484004,9|62|44|43|47|21|1|6|0|5|42|41|49|8|37|50|51
0,20,18,0.484004,9|62|44|43|47|21|1|6|0|5|42|41|49|8|37|50|51|48
0,20,19,0.485038,9|62|44|43|47|21|1|6|0|5|42|41|49|8|37|50|51|48|17
0,20,20,0.485103,9|62|44|43|47|21|1|6|0|5|42|41|49|8|37|50|51|48|17|13
0,21,1,0.496879,9
0,21,2,0.504482,9|62
0,21,3,0.497436,9|62|43
0,21,4,0.498107,9|62|43|47
0,21,5,0.503329,9|62|43|47|21
0,21,6,0.503329,9|62|43|47|21|1
0,21,7,0.503329,9|62|43|47|21|1|6
0,21,8,0.50356,9|62|43|47|21|1|6|0
0,21,9,0.50356,9|62|43|47|21|1|6|0|42
0,21,10,0.506315,9|62|43|47|21|1|6|0|42|41
0,21,11,0.506526,9|62|43|47|21|1|6|0|42|41|5
0,21,12,0.509038,9|62|43|47|21|1|6|0|42|41|5|49
0,21,13,0.509561,9|62|43|47|21|1|6|0|42|41|5|49|13
0,21,14,0.533079,9|62|43|47|21|1|6|0|42|41|5|49|13|17
0,21,15,0.558006,9|62|43|47|21|1|6|0|42|41|5|49|13|17|37
0,21,16,0.574991,9|62|43|47|21|1|6|0|42|41|5|49|13|17|37|50
0,21,17,0.579873,9|62|43|47|21|1|6|0|42|41|5|49|13|17|37|50|33
0,21,18,0.579356,9|62|43|47|21|1|6|0|42|41|5|49|13|17|37|50|33|19
0,21,19,0.57926,9|62|43|47|21|1|6|0|42|41|5|49|13|17|37|50|33|19|8
0,21,20,0.57926,9|62|43|47|21|1|6|0|42|41|5|49|13|17|37|50|33|19|8|51
0,22,1,0.347586,9
0,22,2,0.350558,9|62
0,22,3,0.348451,9|62|43
0,22,4,0.348946,9|62|43|47
0,22,5,0.354386,9|62|43|47|21
0,22,6,0.354386,9|62|43|47|21|1
0,22,7,0.354386,9|62|43|47|21|1|6
0,22,8,0.354501,9|62|43|47|21|1|6|0
0,22,9,0.354501,9|62|43|47|21|1|6|0|42
0,22,10,0.35588,9|62|43|47|21|1|6|0|42|5
0,22,11,0.355764,9|62|43|47|21|1|6|0|42|5|41
0,22,12,0.35396,9|62|43|47|21|1|6|0|42|5|41|49
0,22,13,0.413436,9|62|43|47|21|1|6|0|42|5|41|49|17
0,22,14,0.429212,9|62|43|47|21|1|6|0|42|5|41|49|17|37
0,22,15,0.44097,9|62|43|47|21|1|6|0|42|5|41|49|17|37|44
0,22,16,0.456639,9|62|43|47|21|1|6|0|42|5|41|49|17|37|44|50
0,22,17,0.467615,9|62|43|47|21|1|6|0|42|5|41|49|17|37|44|50|48
0,22,18,0.467615,9|62|43|47|21|1|6|0|42|5|41|49|17|37|44|50|48|51
0,22,19,0.467615,9|62|43|47|21|1|6|0|42|5|41|49|17|37|44|50|48|51|33
0,22,20,0.467754,9|62|43|47|21|1|6|0|42|5|41|49|17|37|44|50|48|51|33|8
0,23,1,0.286078,9
0,23,2,0.28787,9|62
0,23,3,0.348679,9|62|17
0,23,4,0.346872,9|62|17|47
0,23,5,0.350838,9|62|17|47|21
0,23,6,0.350838,9|62|17|47|21|1
0,23,7,0.350838,9|62|17|47|21|1|6
0,23,8,0.451784,9|62|17|47|21|1|6|37
0,23,9,0.451823,9|62|17|47|21|1|6|37|0
0,23,10,0.459836,9|62|17|47|21|1|6|37|0|8
0,23,11,0.456794,9|62|17|47|21|1|6|37|0|8|43
0,23,12,0.474153,9|62|17|47|21|1|6|37|0|8|43|50
0,23,13,0.485639,9|62|17|47|21|1|6|37|0|8|43|50|48
0,23,14,0.485639,9|62|17|47|21|1|6|37|0|8|43|50|48|51
0,23,15,0.487035,9|62|17|47|21|1|6|37|0|8|43|50|48|51|5
0,23,16,0.572023,9|62|17|47|21|1|6|37|0|8|43|50|48|51|5|44
0,23,17,0.571892,9|62|17|47|21|1|6|37|0|8|43|50|48|51|5|44|41
0,23,18,0.571892,9|62|17|47|21|1|6|37|0|8|43|50|48|51|5|44|41|42
0,23,19,0.571321,9|62|17|47|21|1|6|37|0|8|43|50|48|51|5|44|41|42|49
0,23,20,0.571321,9|62|17|47|21|1|6|37|0|8|43|50|48|51|5|44|41|42|49|33
0,24,1,0.664172,62
0,24,2,0.677631,62|9
0,24,3,0.667521,62|9|43
0,24,4,0.668283,62|9|43|47
0,24,5,0.672081,62|9|43|47|1
0,24,6,0.672081,62|9|43|47|1|6
0,24,7,0.672081,62|9|43|47|1|6|21
0,24,8,0.672081,62|9|43|47|1|6|21|42
0,24,9,0.67207,62|9|43|47|1|6|21|42|0
0,24,10,0.672557,62|9|43|47|1|6|21|42|0|41
0,24,11,0.672732,62|9|43|47|1|6|21|42|0|41|5
0,24,12,0.672946,62|9|43|47|1|6|21|42|0|41|5|49
0,24,13,0.673057,62|9|43|47|1|6|21|42|0|41|5|49|13
0,24,14,0.686778,62|9|43|47|1|6|21|42|0|41|5|49|13|17
0,24,15,0.70445,62|9|43|47|1|6|21|42|0|41|5|49|13|17|33
0,24,16,0.703095,62|9|43|47|1|6|21|42|0|41|5|49|13|17|33|19
0,24,17,0.70308,62|9|43|47|1|6|21|42|0|41|5|49|13|17|33|19|52
0,24,18,0.702852,62|9|43|47|1|6|21|42|0|41|5|49|13|17|33|19|52|55
0,24,19,0.70283,62|9|43|47|1|6|21|42|0|41|5|49|13|17|33|19|52|55|44
0,24,20,0.70283,62|9|43|47|1|6|21|42|0|41|5|49|13|17|33|19|52|55|44|23
0,25,1,0.619179,62
0,25,2,0.636855,62|9
0,25,3,0.621593,62|9|43
0,25,4,0.623066,62|9|43|47
0,25,5,0.62659,62|9|43|47|1
0,25,6,0.62659,62|9|43|47|1|21
0,25,7,0.62659,62|9|43|47|1|21|6
0,25,8,0.62659,62|9|43|47|1|21|6|42
0,25,9,0.626714,62|9|43|47|1|21|6|42|0
0,25,10,0.627452,62|9|43|47|1|21|6|42|0|41
0,25,11,0.627673,62|9|43|47|1|21|6|42|0|41|5
0,25,12,0.626706,62|9|43|47|1|21|6|42|0|41|5|49
0,25,13,0.626755,62|9|43|47|1|21|6|42|0|41|5|49|13
0,25,14,0.648353,62|9|43|47|1|21|6|42|0|41|5|49|13|17
0,25,15,0.666117,62|9|43|47|1|21|6|42|0|41|5|49|13|17|33
0,25,16,0.665318,62|9|43|47|1|21|6|42|0|41|5|49|13|17|33|19
0,25,17,0.667519,62|9|43|47|1|21|6|42|0|41|5|49|13|17|33|19|44
0,25,18,0.671161,62|9|43|47|1|21|6|42|0|41|5|49|13|17|33|19|44|37
0,25,19,0.670707,62|9|43|47|1|21|6|42|0|41|5|49|13|17|33|19|44|37|52
0,25,20,0.6905,62|9|43|47|1|21|6|42|0|41|5|49|13|17|33|19|44|37|52|50
0,26,1,0.495913,9
0,26,2,0.506623,9|62
0,26,3,0.500107,9|62|47
0,26,4,0.498282,9|62|47|43
0,26,5,0.503776,9|62|47|43|21
0,26,6,0.503776,9|62|47|43|21|1
0,26,7,0.503776,9|62|47|43|21|1|6
0,26,8,0.503865,9|62|47|43|21|1|6|0
0,26,9,0.503865,9|62|47|43|21|1|6|0|42
0,26,10,0.504951,9|62|47|43|21|1|6|0|42|41
0,26,11,0.505982,9|62|47|43|21|1|6|0|42|41|5
0,26,12,0.502675,9|62|47|43|21|1|6|0|42|41|5|49
0,26,13,0.502355,9|62|47|43|21|1|6|0|42|41|5|49|13
0,26,14,0.523185,9|62|47|43|21|1|6|0|42|41|5|49|13|17
0,26,15,0.521203,9|62|47|43|21|1|6|0|42|41|5|49|13|17|19
0,26,16,0.540951,9|62|47|43|21|1|6|0|42|41|5|49|13|17|19|33
0,26,17,0.54174,9|62|47|43|21|1|6|0|42|41|5|49|13|17|19|33|8
0,26,18,0.547745,9|62|47|43|21|1|6|0|42|41|5|49|13|17|19|33|8|37
0,26,19,0.56877,9|62|47|43|21|1|6|0|42|41|5|49|13|17|19|33|8|37|50
0,26,20,0.571455,9|62|47|43|21|1|6|0|42|41|5|49|13|17|19|33|8|37|50|44
0,27,1,0.671587,62
0,27,2,0.689226,62|9
0,27,3,0.677498,62|9|43
0,27,4,0.677228,62|9|43|47
0,27,5,0.682285,62|9|43|47|1
0,27,6,0.682285,62|9|43|47|1|21
0,27,7,0.682285,62|9|43|47|1|21|6
0,27,8,0.682285,62|9|43|47|1|21|6|42
0,27,9,0.682398,62|9|43|47|1|21|6|42|0
0,27,10,0.68237,62|9|43|47|1|21|6|42|0|41
0,27,11,0.682551,62|9|43|47|1|21|6|42|0|41|5
0,27,12,0.683058,62|9|43|47|1|21|6|42|0|41|5|49
0,27,13,0.68309,62|9|43|47|1|21|6|42|0|41|5|49|13
0,27,14,0.704683,62|9|43|47|1|21|6|42|0|41|5|49|13|17
0,27,15,0.731907,62|9|43|47|1|21|6|42|0|41|5|49|13|17|33
0,27,16,0.732714,62|9|43|47|1|21|6|42|0|41|5|49|13|17|33|19
0,27,17,0.733162,62|9|43|47|1|21|6|42|0|41|5|49|13|17|33|19|52
0,27,18,0.733946,62|9|43|47|1|21|6|42|0|41|5|49|13|17|33|19|52|37
0,27,19,0.752757,62|9|43|47|1|21|6|42|0|41|5|49|13|17|33|19|52|37|50
0,27,20,0.753369,62|9|43|47|1|21|6|42|0|41|5|49|13|17|33|19|52|37|50|55
0,28,1,0.656715,62
0,28,2,0.669328,62|9
0,28,3,0.655739,62|9|43
0,28,4,0.657103,62|9|43|47
0,28,5,0.65971,62|9|43|47|1
0,28,6,0.65971,62|9|43|47|1|6
0,28,7,0.65971,62|9|43|47|1|6|21
0,28,8,0.65971,62|9|43|47|1|6|21|42
0,28,9,0.659686,62|9|43|47|1|6|21|42|0
0,28,10,0.660536,62|9|43|47|1|6|21|42|0|41
0,28,11,0.660769,62|9|43|47|1|6|21|42|0|41|5
0,28,12,0.660684,62|9|43|47|1|6|21|42|0|41|5|49
0,28,13,0.660795,62|9|43|47|1|6|21|42|0|41|5|49|13
0,28,14,0.679345,62|9|43|47|1|6|21|42|0|41|5|49|13|17
0,28,15,0.693241,62|9|43|47|1|6|21|42|0|41|5|49|13|17|33
0,28,16,0.693197,62|9|43|47|1|6|21|42|0|41|5|49|13|17|33|52
0,28,17,0.693318,62|9|43|47|1|6|21|42|0|41|5|49|13|17|33|52|19
0,28,18,0.692698,62|9|43|47|1|6|21|42|0|41|5|49|13|17|33|52|19|55
0,28,19,0.692698,62|9|43|47|1|6|21|42|0|41|5|49|13|17|33|52|19|55|23
0,28,20,0.692698,62|9|43|47|1|6|21|42|0|41|5|49|13|17|33|52|19|55|23|27
0,29,1,0.647444,62
0,29,2,0.665044,62|9
0,29,3,0.650213,62|9|43
0,29,4,0.650976,62|9|43|47
0,29,5,0.654569,62|9|43|47|1
0,29,6,0.654569,62|9|43|47|1|21
0,29,7,0.654569,62|9|43|47|1|21|6
0,29,8,0.654569,62|9|43|47|1|21|6|42
0,29,9,0.654645,62|9|43|47|1|21|6|42|0
0,29,10,0.654861,62|9|43|47|1|21|6|42|0|41
0,29,11,0.655224,62|9|43|47|1|21|6|42|0|41|5
0,29,12,0.655283,62|9|43|47|1|21|6|42|0|41|5|49
0,29,13,0.655477,62|9|43|47|1|21|6|42|0|41|5|49|13
0,29,14,0.679029,62|9|43|47|1|21|6|42|0|41|5|49|13|17
0,29,15,0.707551,62|9|43|47|1|21|6|42|0|41|5|49|13|17|33
0,29,16,0.714435,62|9|43|47|1|21|6|42|0|41|5|49|13|17|33|19
0,29,17,0.714573,62|9|43|47|1|21|6|42|0|41|5|49|13|17|33|19|52
0,29,18,0.714712,62|9|43|47|1|21|6|42|0|41|5|49|13|17|33|19|52|55
0,29,19,0.715431,62|9|43|47|1|21|6|42|0|41|5|49|13|17|33|19|52|55|37
0,29,20,0.730204,62|9|43|47|1|21|6|42|0|41|5|49|13|17|33|19|52|55|37|50
0,30,1,0.454784,9
0,30,2,0.458243,9|62
0,30,3,0.454979,9|62|47
0,30,4,0.456057,9|62|47|6
0,30,5,0.456057,9|62|47|6|1
0,30,6,0.456057,9|62|47|6|1|21
0,30,7,0.453138,9|62|47|6|1|21|43
0,30,8,0.453403,9|62|47|6|1|21|43|0
0,30,9,0.453403,9|62|47|6|1|21|43|0|42
0,30,10,0.4531,9|62|47|6|1|21|43|0|42|41
0,30,11,0.453528,9|62|47|6|1|21|43|0|42|41|5
0,30,12,0.453574,9|62|47|6|1|21|43|0|42|41|5|49
0,30,13,0.490446,9|62|47|6|1|21|43|0|42|41|5|49|17
0,30,14,0.542046,9|62|47|6|1|21|43|0|42|41|5|49|17|48
0,30,15,0.542046,9|62|47|6|1|21|43|0|42|41|5|49|17|48|51
0,30,16,0.550597,9|62|47|6|1|21|43|0|42|41|5|49|17|48|51|37
0,30,17,0.558217,9|62|47|6|1|21|43|0|42|41|5|49|17|48|51|37|50
0,30,18,0.558252,9|62|47|6|1|21|43|0|42|41|5|49|17|48|51|37|50|13
0,30,19,0.558252,9|62|47|6|1|21|43|0|42|41|5|49|17|48|51|37|50|13|33
0,30,20,0.557483,9|62|47|6|1|21|43|0|42|41|5|49|17|48|51|37|50|13|33|8
0,31,1,0.645508,62
0,31,2,0.661543,62|9
0,31,3,0.641705,62|9|43
0,31,4,0.642841,62|9|43|47
0,31,5,0.647062,62|9|43|47|1
0,31,6,0.647062,62|9|43|47|1|21
0,31,7,0.647062,62|9|43|47|1|21|6
0,31,8,0.647062,62|9|43|47|1|21|6|42
0,31,9,0.647068,62|9|43|47|1|21|6|42|0
0,31,10,0.647052,62|9|43|47|1|21|6|42|0|41
0,31,11,0.647354,62|9|43|47|1|21|6|42|0|41|5
0,31,12,0.647225,62|9|43|47|1|21|6|42|0|41|5|49
0,31,13,0.647443,62|9|43|47|1|21|6|42|0|41|5|49|13
0,31,14,0.669254,62|9|43|47|1|21|6|42|0|41|5|49|13|17
0,31,15,0.68742,62|9|43|47|1|21|6|42|0|41|5|49|13|17|33
0,31,16,0.686264,62|9|43|47|1|21|6|42|0|41|5|49|13|17|33|19
0,31,17,0.684941,62|9|43|47|1|21|6|42|0|41|5|49|13|17|33|19|52
0,31,18,0.691559,62|9|43|47|1|21|6|42|0|41|5|49|13|17|33|19|52|37
0,31,19,0.713451,62|9|43|47|1|21|6|42|0|41|5|49|13|17|33|19|52|37|50
0,31,20,0.713741,62|9|43|47|1|21|6|42|0|41|5|49|13|17|33|19|52|37|50|8
1,0,1,0.40698,62
1,0,2,0.407254,62|9
1,0,3,0.40487,62|9|21
1,0,4,0.40487,62|9|21|1
1,0,5,0.40487,62|9|21|1|6
1,0,6,0.404922,62|9|21|1|6|47
1,0,7,0.426039,62|9|21|1|6|47|49
1,0,8,0.424305,62|9|21|1|6|47|49|43
1,0,9,0.424306,62|9|21|1|6|47|49|43|0
1,0,10,0.424306,62|9|21|1|6|47|49|43|0|42
1,0,11,0.461653,62|9|21|1|6|47|49|43|0|42|33
1,0,12,0.462645,62|9|21|1|6|47|49|43|0|42|33|41
1,0,13,0.462678,62|9|21|1|6|47|49|43|0|42|33|41|5
1,0,14,0.488502,62|9|21|1|6|47|49|43|0|42|33|41|5|17
1,0,15,0.488794,62|9|21|1|6|47|49|43|0|42|33|41|5|17|52
1,0,16,0.488407,62|9|21|1|6|47|49|43|0|42|33|41|5|17|52|55
1,0,17,0.488407,62|9|21|1|6|47|49|43|0|42|33|41|5|17|52|55|23
1,0,18,0.488407,62|9|21|1|6|47|49|43|0|42|33|41|5|17|52|55|23|27
1,0,19,0.488407,62|9|21|1|6|47|49|43|0|42|33|41|5|17|52|55|23|27|64
1,0,20,0.488407,62|9|21|1|6|47|49|43|0|42|33|41|5|17|52|55|23|27|64|30
1,1,1,0.380954,62
1,1,2,0.38491,62|9
1,1,3,0.383508,62|9|1
1,1,4,0.383508,62|9|1|6
1,1,5,0.383508,62|9|1|6|21
1,1,6,0.383503,62|9|1|6|21|47
1,1,7,0.385918,62|9|1|6|21|47|43
1,1,8,0.38588,62|9|1|6|21|47|43|0
1,1,9,0.3997,62|9|1|6|21|47|43|0|49
1,1,10,0.400145,62|9|1|6|21|47|43|0|49|41
1,1,11,0.445314,62|9|1|6|21|47|43|0|49|41|33
1,1,12,0.445314,62|9|1|6|21|47|43|0|49|41|33|42
1,1,13,0.445932,62|9|1|6|21|47|43|0|49|41|33|42|5
1,1,14,0.469781,62|9|1|6|21|47|43|0|49|41|33|42|5|17
1,1,15,0.473078,62|9|1|6|21|47|43|0|49|41|33|42|5|17|52
1,1,16,0.477814,62|9|1|6|21|47|43|0|49|41|33|42|5|17|52|59
1,1,17,0.477995,62|9|1|6|21|47|43|0|49|41|33|42|5|17|52|59|55
1,1,18,0.477995,62|9|1|6|21|47|43|0|49|41|33|42|5|17|52|59|55|23
1,1,19,0.477995,62|9|1|6|21|47|43|0|49|41|33|42|5|17|52|59|55|23|27
1,1,20,0.477995,62|9|1|6|21|47|43|0|49|41|33|42|5|17|52|59|55|23|27|64
1,2,1,0.363787,9
1,2,2,0.372343,9|62
1,2,3,0.372581,9|62|47
1,2,4,0.373198,9|62|47|21
1,2,5,0.373198,9|62|47|21|1
1,2,6,0.373198,9|62|47|21|1|6
1,2,7,0.375944,9|62|47|21|1|6|43
1,2,8,0.376013,9|62|47|21|1|6|43|0
1,2,9,0.389071,9|62|47|21|1|6|43|0|49
1,2,10,0.441384,9|62|47|21|1|6|43|0|49|33
1,2,11,0.440924,9|62|47|21|1|6|43|0|49|33|5
1,2,12,0.440924,9|62|47|21|1|6|43|0|49|33|5|42
1,2,13,0.441255,9|62|47|21|1|6|43|0|49|33|5|42|41
1,2,14,0.46918,9|62|47|21|1|6|43|0|49|33|5|42|41|17
1,2,15,0.468594,9|62|47|21|1|6|43|0|49|33|5|42|41|17|52
1,2,16,0.471446,9|62|47|21|1|6|43|0|49|33|5|42|41|17|52|59
1,2,17,0.472368,9|62|47|21|1|6|43|0|49|33|5|42|41|17|52|59|55
1,2,18,0.472368,9|62|47|21|1|6|43|0|49|33|5|42|41|17|52|59|55|27
1,2,19,0.472368,9|62|47|21|1|6|43|0|49|33|5|42|41|17|52|59|55|27|23
1,2,20,0.472368,9|62|47|21|1|6|43|0|49|33|5|42|41|17|52|59|55|27|23|64
1,3,1,0.381532,9
1,3,2,0.389347,9|62
1,3,3,0.388343,9|62|47
1,3,4,0.389163,9|62|47|6
1,3,5,0.389163,9|62|47|6|1
1,3,6,0.389163,9|62|47|6|1|21
1,3,7,0.386887,9|62|47|6|1|21|43
1,3,8,0.387373,9|62|47|6|1|21|43|0
1,3,9,0.388441,9|62|47|6|1|21|43|0|5
1,3,10,0.388441,9|62|47|6|1|21|43|0|5|42
1,3,11,0.390116,9|62|47|6|1|21|43|0|5|42|41
1,3,12,0.433714,9|62|47|6|1|21|43|0|5|42|41|44
1,3,13,0.433902,9|62|47|6|1|21|43|0|5|42|41|44|49
1,3,14,0.441772,9|62|47|6|1|21|43|0|5|42|41|44|49|33
1,3,15,0.510716,9|62|47|6|1|21|43|0|5|42|41|44|49|33|17
1,3,16,0.510226,9|62|47|6|1|21|43|0|5|42|41|44|49|33|17|13
1,3,17,0.510425,9|62|47|6|1|21|43|0|5|42|41|44|49|33|17|13|52
1,3,18,0.510904,9|62|47|6|1|21|43|0|5|42|41|44|49|33|17|13|52|37
1,3,19,0.513619,9|62|47|6|1|21|43|0|5|42|41|44|49|33|17|13|52|37|59
1,3,20,0.514863,9|62|47|6|1|21|43|0|5|42|41|44|49|33|17|13|52|37|59|55
1,4,1,0.414766,62
1,4,2,0.415303,62|9
1,4,3,0.412714,62|9|47
1,4,4,0.412748,62|9|47|1
1,4,5,0.412748,62|9|47|1|21
1,4,6,0.412748,62|9|47|1|21|6
1,4,7,0.41076,62|9|47|1|21|6|43
1,4,8,0.410714,62|9|47|1|21|6|43|0
1,4,9,0.410714,62|9|47|1|21|6|43|0|42
1,4,10,0.416342,62|9|47|1|21|6|43|0|42|49
1,4,11,0.416479,62|9|47|1|21|6|43|0|42|49|41
1,4,12,0.416625,62|9|47|1|21|6|43|0|42|49|41|5
1,4,13,0.465231,62|9|47|1|21|6|43|0|42|49|41|5|17
1,4,14,0.470295,62|9|47|1|21|6|43|0|42|49|41|5|17|33
1,4,15,0.470223,62|9|47|1|21|6|43|0|42|49|41|5|17|33|52
1,4,16,0.470565,62|9|47|1|21|6|43|0|42|49|41|5|17|33|52|55
1,4,17,0.470459,62|9|47|1|21|6|43|0|42|49|41|5|17|33|52|55|59
1,4,18,0.470459,62|9|47|1|21|6|43|0|42|49|41|5|17|33|52|55|59|23
1,4,19,0.470459,62|9|47|1|21|6|43|0|42|49|41|5|17|33|52|55|59|23|27
1,4,20,0.470459,62|9|47|1|21|6|43|0|42|49|41|5|17|33|52|55|59|23|27|64
1,5,1,0.494471,62
1,5,2,0.502465,62|9
1,5,3,0.498351,62|9|1
1,5,4,0.498351,62|9|1|21
1,5,5,0.498351,62|9|1|21|6
1,5,6,0.498561,62|9|1|21|6|47
1,5,7,0.496976,62|9|1|21|6|47|43
1,5,8,0.497007,62|9|1|21|6|47|43|0
1,5,9,0.497007,62|9|1|21|6|47|43|0|42
1,5,10,0.498618,62|9|1|21|6|47|43|0|42|41
1,5,11,0.49864,62|9|1|21|6|47|43|0|42|41|5
1,5,12,0.495992,62|9|1|21|6|47|43|0|42|41|5|49
1,5,13,0.514234,62|9|1|21|6|47|43|0|42|41|5|49|33
1,5,14,0.551218,62|9|1|21|6|47|43|0|42|41|5|49|33|17
1,5,15,0.55213,62|9|1|21|6|47|43|0|42|41|5|49|33|17|52
1,5,16,0.551518,62|9|1|21|6|47|43|0|42|41|5|49|33|17|52|13
1,5,17,0.552434,62|9|1|21|6|47|43|0|42|41|5|49|33|17|52|13|59
1,5,18,0.553138,62|9|1|21|6|47|43|0|42|41|5|49|33|17|52|13|59|55
1,5,19,0.553138,62|9|1|21|6|47|43|0|42|41|5|49|33|17|52|13|59|55|23
1,5,20,0.553138,62|9|1|21|6|47|43|0|42|41|5|49|33|17|52|13|59|55|23|30
1,6,1,0.372302,62
1,6,2,0.372466,62|9
1,6,3,0.370535,62|9|1
1,6,4,0.371259,62|9|1|47
1,6,5,0.371259,62|9|1|47|6
1,6,6,0.371259,62|9|1|47|6|21
1,6,7,0.389592,62|9|1|47|6|21|49
1,6,8,0.388438,62|9|1|47|6|21|49|43
1,6,9,0.392971,62|9|1|47|6|21|49|43|41
1,6,10,0.392866,62|9|1|47|6|21|49|43|41|0
1,6,11,0.392866,62|9|1|47|6|21|49|43|41|0|42
1,6,12,0.431115,62|9|1|47|6|21|49|43|41|0|42|33
1,6,13,0.431131,62|9|1|47|6|21|49|43|41|0|42|33|5
1,6,14,0.450574,62|9|1|47|6|21|49|43|41|0|42|33|5|17
1,6,15,0.453615,62|9|1|47|6|21|49|43|41|0|42|33|5|17|52
1,6,16,0.45503,62|9|1|47|6|21|49|43|41|0|42|33|5|17|52|55
1,6,17,0.45503,62|9|1|47|6|21|49|43|41|0|42|33|5|17|52|55|23
1,6,18,0.45503,62|9|1|47|6|21|49|43|41|0|42|33|5|17|52|55|23|27
1,6,19,0.45503,62|9|1|47|6|21|49|43|41|0|42|33|5|17|52|55|23|27|64
1,6,20,0.45503,62|9|1|47|6|21|49|43|41|0|42|33|5|17|52|55|23|27|64|30
1,7,1,0.402922,62
1,7,2,0.403291,62|9
1,7,3,0.427721,62|9|49
1,7,4,0.427719,62|9|49|21
1,7,5,0.427719,62|9|49|21|1
1,7,6,0.427719,62|9|49|21|1|6
1,7,7,0.427771,62|9|49|21|1|6|47
1,7,8,0.427963,62|9|49|21|1|6|47|43
1,7,9,0.427882,62|9|49|21|1|6|47|43|0
1,7,10,0.427882,62|9|49|21|1|6|47|43|0|42
1,7,11,0.482748,62|9|49|21|1|6|47|43|0|42|33
1,7,12,0.483369,62|9|49|21|1|6|47|43|0|42|33|41
1,7,13,0.483428,62|9|49|21|1|6|47|43|0|42|33|41|5
1,7,14,0.502085,62|9|49|21|1|6|47|43|0|42|33|41|5|17
1,7,15,0.502254,62|9|49|21|1|6|47|43|0|42|33|41|5|17|55
1,7,16,0.502458,62|9|49|21|1|6|47|43|0|42|33|41|5|17|55|52
1,7,17,0.502458,62|9|49|21|1|6|47|43|0|42|33|41|5|17|55|52|23
1,7,18,0.502458,62|9|49|21|1|6|47|43|0|42|33|41|5|17|55|52|23|64
1,7,19,0.502458,62|9|49|21|1|6|47|43|0|42|33|41|5|17|55|52|23|64|30
1,7,20,0.502458,62|9|49|21|1|6|47|43|0|42|33|41|5|17|55|52|23|64|30|27
1,8,1,0.495885,9
1,8,2,0.508861,9|62
1,8,3,0.503604,9|62|43
1,8,4,0.504357,9|62|43|47
1,8,5,0.507173,9|62|43|47|1
1,8,6,0.507173,9|62|43|47|1|6
1,8,7,0.507173,9|62|43|47|1|6|21
1,8,8,0.507407,9|62|43|47|1|6|21|0
1,8,9,0.507407,9|62|43|47|1|6|21|0|42
1,8,10,0.511312,9|62|43|47|1|6|21|0|42|41
1,8,11,0.511493,9|62|43|47|1|6|21|0|42|41|5
1,8,12,0.512371,9|62|43|47|1|6|21|0|42|41|5|49
1,8,13,0.534398,9|62|43|47|1|6|21|0|42|41|5|49|17
1,8,14,0.534494,9|62|43|47|1|6|21|0|42|41|5|49|17|13
1,8,15,0.557163,9|62|43|47|1|6|21|0|42|41|5|49|17|13|33
1,8,16,0.559539,9|62|43|47|1|6|21|0|42|41|5|49|17|13|33|19
1,8,17,0.558518,9|62|43|47|1|6|21|0|42|41|5|49|17|13|33|19|37
1,8,18,0.561482,9|62|43|47|1|6|21|0|42|41|5|49|17|13|33|19|37|52
1,8,19,0.565194,9|62|43|47|1|6|21|0|42|41|5|49|17|13|33|19|37|52|50
1,8,20,0.565381,9|62|43|47|1|6|21|0|42|41|5|49|17|13|33|19|37|52|50|44
1,9,1,0.278323,9
1,9,2,0.27885,9|62
1,9,3,0.451933,9|62|37
1,9,4,0.452066,9|62|37|50
1,9,5,0.457458,9|62|37|50|48
1,9,6,0.457458,9|62|37|50|48|51
1,9,7,0.455598,9|62|37|50|48|51|43
1,9,8,0.455568,9|62|37|50|48|51|43|8
1,9,9,0.46913,9|62|37|50|48|51|43|8|47
1,9,10,0.47723,9|62|37|50|48|51|43|8|47|6
1,9,11,0.47723,9|62|37|50|48|51|43|8|47|6|1
1,9,12,0.47723,9|62|37|50|48|51|43|8|47|6|1|21
1,9,13,0.483057,9|62|37|50|48|51|43|8|47|6|1|21|17
1,9,14,0.483304,9|62|37|50|48|51|43|8|47|6|1|21|17|0
1,9,15,0.48581,9|62|37|50|48|51|43|8|47|6|1|21|17|0|41
1,9,16,0.48581,9|62|37|50|48|51|43|8|47|6|1|21|17|0|41|42
1,9,17,0.486598,9|62|37|50|48|51|43|8|47|6|1|21|17|0|41|42|5
1,9,18,0.485938,9|62|37|50|48|51|43|8|47|6|1|21|17|0|41|42|5|49
1,9,19,0.487183,9|62|37|50|48|51|43|8|47|6|1|21|17|0|41|42|5|49|13
1,9,20,0.487183,9|62|37|50|48|51|43|8|47|6|1|21|17|0|41|42|5|49|13|33
1,10,1,0.42236,9
1,10,2,0.428899,9|62
1,10,3,0.427847,9|62|43
1,10,4,0.42825,9|62|43|47
1,10,5,0.431578,9|62|43|47|21
1,10,6,0.431578,9|62|43|47|21|1
1,10,7,0.431578,9|62|43|47|21|1|6
1,10,8,0.431689,9|62|43|47|21|1|6|0
1,10,9,0.431689,9|62|43|47|21|1|6|0|42
1,10,10,0.435887,9|62|43|47|21|1|6|0|42|41
1,10,11,0.436205,9|62|43|47|21|1|6|0|42|41|5
1,10,12,0.437364,9|62|43|47|21|1|6|0|42|41|5|49
1,10,13,0.437466,9|62|43|47|21|1|6|0|42|41|5|49|13
1,10,14,0.450467,9|62|43|47|21|1|6|0|42|41|5|49|13|17
1,10,15,0.45317,9|62|43|47|21|1|6|0|42|41|5|49|13|17|19
1,10,16,0.464813,9|62|43|47|21|1|6|0|42|41|5|49|13|17|19|37
1,10,17,0.468809,9|62|43|47|21|1|6|0|42|41|5|49|13|17|19|37|33
1,10,18,0.480834,9|62|43|47|21|1|6|0|42|41|5|49|13|17|19|37|33|50
1,10,19,0.48158,9|62|43|47|21|1|6|0|42|41|5|49|13|17|19|37|33|50|44
1,10,20,0.48158,9|62|43|47|21|1|6|0|42|41|5|49|13|17|19|37|33|50|44|48
1,11,1,0.570312,62
1,11,2,0.571424,62|9
1,11,3,0.564189,62|9|43
1,11,4,0.5641,62|9|43|1
1,11,5,0.5641,62|9|43|1|21
1,11,6,0.5641,62|9|43|1|21|6
1,11,7,0.564499,62|9|43|1|21|6|47
1,11,8,0.564723,62|9|43|1|21|6|47|0
1,11,9,0.564723,62|9|43|1|21|6|47|0|42
1,11,10,0.567265,62|9|43|1|21|6|47|0|42|41
1,11,11,0.567353,62|9|43|1|21|6|47|0|42|41|5
1,11,12,0.568928,62|9|43|1|21|6|47|0|42|41|5|49
1,11,13,0.569384,62|9|43|1|21|6|47|0|42|41|5|49|13
1,11,14,0.606032,62|9|43|1|21|6|47|0|42|41|5|49|13|17
1,11,15,0.648395,62|9|43|1|21|6|47|0|42|41|5|49|13|17|33
1,11,16,0.648752,62|9|43|1|21|6|47|0|42|41|5|49|13|17|33|52
1,11,17,0.655397,62|9|43|1|21|6|47|0|42|41|5|49|13|17|33|52|44
1,11,18,0.655713,62|9|43|1|21|6|47|0|42|41|5|49|13|17|33|52|44|37
1,11,19,0.655897,62|9|43|1|21|6|47|0|42|41|5|49|13|17|33|52|44|37|50
1,11,20,0.656068,62|9|43|1|21|6|47|0|42|41|5|49|13|17|33|52|44|37|50|55
1,12,1,0.436871,9
1,12,2,0.439312,9|62
1,12,3,0.438126,9|62|47
1,12,4,0.441271,9|62|47|21
1,12,5,0.441271,9|62|47|21|1
1,12,6,0.441271,9|62|47|21|1|6
1,12,7,0.443134,9|62|47|21|1|6|43
1,12,8,0.443367,9|62|47|21|1|6|43|0
1,12,9,0.443594,9|62|47|21|1|6|43|0|41
1,12,10,0.443594,9|62|47|21|1|6|43|0|41|42
1,12,11,0.444359,9|62|47|21|1|6|43|0|41|42|5
1,12,12,0.4422,9|62|47|21|1|6|43|0|41|42|5|49
1,12,13,0.477607,9|62|47|21|1|6|43|0|41|42|5|49|17
1,12,14,0.478636,9|62|47|21|1|6|43|0|41|42|5|49|17|13
1,12,15,0.501007,9|62|47|21|1|6|43|0|41|42|5|49|17|13|37
1,12,16,0.504287,9|62|47|21|1|6|43|0|41|42|5|49|17|13|37|50
1,12,17,0.524912,9|62|47|21|1|6|43|0|41|42|5|49|17|13|37|50|33
1,12,18,0.524912,9|62|47|21|1|6|43|0|41|42|5|49|17|13|37|50|33|48
1,12,19,0.527772,9|62|47|21|1|6|43|0|41|42|5|49|17|13|37|50|33|48|8
1,12,20,0.527772,9|62|47|21|1|6|43|0|41|42|5|49|17|13|37|50|33|48|8|51
1,13,1,0.48421,9
1,13,2,0.493085,9|62
1,13,3,0.49062,9|62|43
1,13,4,0.490966,9|62|43|47
1,13,5,0.494348,9|62|43|47|21
1,13,6,0.494348,9|62|43|47|21|1
1,13,7,0.494348,9|62|43|47|21|1|6
1,13,8,0.494477,9|62|43|47|21|1|6|0
1,13,9,0.494477,9|62|43|47|21|1|6|0|42
1,13,10,0.498669,9|62|43|47|21|1|6|0|42|41
1,13,11,0.499151,9|62|43|47|21|1|6|0|42|41|5
1,13,12,0.501043,9|62|43|47|21|1|6|0|42|41|5|49
